{"cameraMode":{"drawMode":0,"name":"Shaded","section":"Shading Mode"},"sceneLighting":false,"audioPlay":false,"sceneViewState":{"m_AlwaysRefresh":false,"showFog":false,"showSkybox":false,"showFlares":false,"showImageEffects":false,"showParticleSystems":false,"showVisualEffectGraphs":true,"m_FxEnabled":true},"in2DMode":false,"pivot":{"x":-0.25909990072250368,"y":0.9485247731208801,"z":-0.04125291109085083},"rotation":{"x":-0.03751770406961441,"y":0.9102585315704346,"z":-0.40356215834617617,"w":-0.0846230611205101},"size":0.8397930860519409,"orthographic":false}