{"cameraMode":{"drawMode":0,"name":"Shaded","section":"Shading Mode"},"sceneLighting":false,"audioPlay":false,"sceneViewState":{"m_AlwaysRefresh":false,"showFog":true,"showSkybox":true,"showFlares":true,"showImageEffects":true,"showParticleSystems":true,"showVisualEffectGraphs":true,"m_FxEnabled":true},"in2DMode":false,"pivot":{"x":4.8279619216918949,"y":0.42326313257217409,"z":-7.3110032081604},"rotation":{"x":0.0008466540602967143,"y":-0.9984121322631836,"z":0.0542762354016304,"w":0.015584057196974755},"size":2.4727935791015627,"orthographic":false}