{"cameraMode":{"drawMode":0,"name":"Shaded","section":"Shading Mode"},"sceneLighting":false,"audioPlay":false,"sceneViewState":{"m_AlwaysRefresh":false,"showFog":true,"showSkybox":true,"showFlares":true,"showImageEffects":true,"showParticleSystems":true,"showVisualEffectGraphs":true,"m_FxEnabled":true},"in2DMode":false,"pivot":{"x":3.0586280822753908,"y":0.7510864734649658,"z":-7.291633129119873},"rotation":{"x":0.0008466540602967143,"y":-0.9984121322631836,"z":0.0542762354016304,"w":0.015584057196974755},"size":3.0922799110412599,"orthographic":false}