{"cameraMode":{"drawMode":0,"name":"Shaded","section":"Shading Mode"},"sceneLighting":false,"audioPlay":false,"sceneViewState":{"m_AlwaysRefresh":false,"showFog":true,"showSkybox":true,"showFlares":true,"showImageEffects":true,"showParticleSystems":true,"showVisualEffectGraphs":true,"m_FxEnabled":true},"in2DMode":false,"pivot":{"x":2.6012680530548097,"y":0.9621531367301941,"z":-3.5328054428100588},"rotation":{"x":-0.024516480043530465,"y":0.970068097114563,"z":-0.21469587087631226,"w":-0.11077340692281723},"size":1.1525717973709107,"orthographic":false}