{"cameraMode":{"drawMode":0,"name":"Shaded","section":"Shading Mode"},"sceneLighting":false,"audioPlay":false,"sceneViewState":{"m_AlwaysRefresh":false,"showFog":false,"showSkybox":false,"showFlares":false,"showImageEffects":false,"showParticleSystems":false,"showVisualEffectGraphs":true,"m_FxEnabled":true},"in2DMode":false,"pivot":{"x":0.09587264060974121,"y":1.1620084047317505,"z":0.05112972855567932},"rotation":{"x":0.09404850006103516,"y":-0.8422783017158508,"z":0.1561504304409027,"w":0.5073025226593018},"size":0.23346136510372163,"orthographic":false}