{"cameraMode":{"drawMode":0,"name":"Shaded","section":"Shading Mode"},"sceneLighting":false,"audioPlay":false,"sceneViewState":{"m_AlwaysRefresh":false,"showFog":false,"showSkybox":false,"showFlares":false,"showImageEffects":false,"showParticleSystems":false,"showVisualEffectGraphs":true,"m_FxEnabled":true},"in2DMode":false,"pivot":{"x":-0.18961700797080995,"y":0.8776394724845886,"z":-0.5115808248519898},"rotation":{"x":-0.019337452948093416,"y":0.9588790535926819,"z":-0.27501314878463747,"w":-0.06742379069328308},"size":0.8447781801223755,"orthographic":false}