{"cameraMode":{"drawMode":0,"name":"Shaded","section":"Shading Mode"},"sceneLighting":false,"audioPlay":false,"sceneViewState":{"m_AlwaysRefresh":false,"showFog":false,"showSkybox":false,"showFlares":false,"showImageEffects":false,"showParticleSystems":false,"showVisualEffectGraphs":true,"m_FxEnabled":true},"in2DMode":false,"pivot":{"x":0.045330729335546496,"y":0.1040901243686676,"z":-0.056493133306503299},"rotation":{"x":-0.019337452948093416,"y":0.9588790535926819,"z":-0.27501314878463747,"w":-0.06742379069328308},"size":0.4184929430484772,"orthographic":false}