{"cameraMode":{"drawMode":0,"name":"Shaded","section":"Shading Mode"},"sceneLighting":false,"audioPlay":false,"sceneViewState":{"m_AlwaysRefresh":false,"showFog":false,"showSkybox":false,"showFlares":false,"showImageEffects":false,"showParticleSystems":false,"showVisualEffectGraphs":true,"m_FxEnabled":true},"in2DMode":false,"pivot":{"x":-0.033248841762542728,"y":0.6778367757797241,"z":-0.11166247725486756},"rotation":{"x":0.008720943704247475,"y":-0.9881092309951782,"z":0.0611514076590538,"w":0.14086659252643586},"size":0.270104318857193,"orthographic":false}