{"cameraMode":{"drawMode":0,"name":"Shaded","section":"Shading Mode"},"sceneLighting":false,"audioPlay":false,"sceneViewState":{"m_AlwaysRefresh":false,"showFog":false,"showSkybox":false,"showFlares":false,"showImageEffects":false,"showParticleSystems":false,"showVisualEffectGraphs":true,"m_FxEnabled":true},"in2DMode":false,"pivot":{"x":0.04695288464426994,"y":1.0177500247955323,"z":-0.03602027893066406},"rotation":{"x":0.001051834668032825,"y":0.947866678237915,"z":-0.3186529874801636,"w":0.0031285262666642668},"size":0.5391954183578491,"orthographic":false}