{"cameraMode":{"drawMode":0,"name":"Shaded","section":"Shading Mode"},"sceneLighting":false,"audioPlay":false,"sceneViewState":{"m_AlwaysRefresh":false,"showFog":false,"showSkybox":false,"showFlares":false,"showImageEffects":false,"showParticleSystems":false,"showVisualEffectGraphs":true,"m_FxEnabled":true},"in2DMode":false,"pivot":{"x":0.057184867560863498,"y":1.5617799758911133,"z":0.37285006046295168},"rotation":{"x":0.006374922581017017,"y":0.8551619648933411,"z":-0.5182168483734131,"w":0.010519691742956639},"size":0.2998373806476593,"orthographic":false}